ID_Trabajador,Departamento,Horas_Semanales,Turnos_Noche_Consecutivos,Horas_Descanso,Infraccion_Horas,Infraccion_Nocturna,Infraccion_Descanso,Violacion_Ley_Laboral
1,Ventas,53,4,19,True,True,False,Sí (Infracción)
2,Administración,30,1,11,False,False,False,No (Cumple)
3,Mantenimiento,42,0,11,False,False,False,No (Cumple)
4,Administración,46,1,13,True,False,False,Sí (Infracción)
5,Administración,37,2,16,False,False,False,No (Cumple)
6,Logística,32,1,12,False,False,False,No (Cumple)
7,Mantenimiento,37,5,20,False,True,False,Sí (Infracción)
8,Mantenimiento,30,2,5,False,False,True,Sí (Infracción)
9,Mantenimiento,34,1,21,False,False,False,No (Cumple)
10,Administración,33,2,11,False,False,False,No (Cumple)
11,Ventas,50,1,11,True,False,False,Sí (Infracción)
12,Mantenimiento,62,2,23,True,False,False,Sí (Infracción)
13,Administración,39,0,15,False,False,False,No (Cumple)
14,Logística,44,1,14,False,False,False,No (Cumple)
15,Ventas,64,1,11,True,False,False,Sí (Infracción)
16,Logística,52,0,14,True,False,False,Sí (Infracción)
17,Ventas,40,2,5,False,False,True,Sí (Infracción)
18,Administración,52,0,12,True,False,False,Sí (Infracción)
19,Operaciones,58,0,19,True,False,False,Sí (Infracción)
20,Ventas,32,3,5,False,True,True,Sí (Infracción)
21,Logística,36,0,21,False,False,False,No (Cumple)
22,Administración,32,1,11,False,False,False,No (Cumple)
23,Ventas,41,1,17,False,False,False,No (Cumple)
24,Operaciones,32,1,24,False,False,False,No (Cumple)
25,Operaciones,59,0,9,True,False,True,Sí (Infracción)
26,Mantenimiento,39,1,5,False,False,True,Sí (Infracción)
27,Mantenimiento,34,1,15,False,False,False,No (Cumple)
28,Logística,34,1,20,False,False,False,No (Cumple)
29,Ventas,43,1,15,False,False,False,No (Cumple)
30,Ventas,64,1,11,True,False,False,Sí (Infracción)
31,Mantenimiento,45,1,16,False,False,False,No (Cumple)
32,Ventas,37,0,23,False,False,False,No (Cumple)
33,Ventas,45,6,4,False,True,True,Sí (Infracción)
34,Operaciones,39,1,8,False,False,True,Sí (Infracción)
35,Mantenimiento,35,2,17,False,False,False,No (Cumple)
36,Administración,44,0,16,False,False,False,No (Cumple)
37,Mantenimiento,45,6,15,False,True,False,Sí (Infracción)
38,Administración,45,0,14,False,False,False,No (Cumple)
39,Operaciones,41,0,14,False,False,False,No (Cumple)
40,Logística,30,1,16,False,False,False,No (Cumple)
41,Ventas,53,1,14,True,False,False,Sí (Infracción)
42,Operaciones,37,2,15,False,False,False,No (Cumple)
43,Ventas,45,2,23,False,False,False,No (Cumple)
44,Logística,37,0,6,False,False,True,Sí (Infracción)
45,Logística,38,2,15,False,False,False,No (Cumple)
46,Operaciones,38,3,17,False,True,False,Sí (Infracción)
47,Logística,31,0,19,False,False,False,No (Cumple)
48,Administración,63,0,20,True,False,False,Sí (Infracción)
49,Logística,31,2,8,False,False,True,Sí (Infracción)
50,Ventas,32,1,17,False,False,False,No (Cumple)
51,Ventas,30,6,14,False,True,False,Sí (Infracción)
52,Ventas,46,2,11,True,False,False,Sí (Infracción)
53,Ventas,43,1,24,False,False,False,No (Cumple)
54,Administración,33,1,18,False,False,False,No (Cumple)
55,Mantenimiento,43,0,14,False,False,False,No (Cumple)
56,Operaciones,38,0,11,False,False,False,No (Cumple)
57,Ventas,38,2,15,False,False,False,No (Cumple)
58,Logística,53,1,24,True,False,False,Sí (Infracción)
59,Ventas,39,0,24,False,False,False,No (Cumple)
60,Logística,36,2,18,False,False,False,No (Cumple)
61,Logística,43,3,14,False,True,False,Sí (Infracción)
62,Ventas,44,2,23,False,False,False,No (Cumple)
63,Administración,31,0,22,False,False,False,No (Cumple)
64,Logística,39,0,18,False,False,False,No (Cumple)
65,Logística,34,1,18,False,False,False,No (Cumple)
66,Ventas,33,2,13,False,False,False,No (Cumple)
67,Logística,41,1,19,False,False,False,No (Cumple)
68,Logística,40,0,13,False,False,False,No (Cumple)
69,Ventas,37,0,11,False,False,False,No (Cumple)
70,Ventas,31,2,12,False,False,False,No (Cumple)
71,Operaciones,35,6,16,False,True,False,Sí (Infracción)
72,Administración,42,2,22,False,False,False,No (Cumple)
73,Administración,58,1,20,True,False,False,Sí (Infracción)
74,Logística,55,2,12,True,False,False,Sí (Infracción)
75,Administración,44,2,16,False,False,False,No (Cumple)
76,Logística,45,0,24,False,False,False,No (Cumple)
77,Operaciones,45,0,6,False,False,True,Sí (Infracción)
78,Ventas,45,2,21,False,False,False,No (Cumple)
79,Ventas,41,2,23,False,False,False,No (Cumple)
80,Ventas,31,0,11,False,False,False,No (Cumple)
81,Administración,40,2,15,False,False,False,No (Cumple)
82,Operaciones,39,4,20,False,True,False,Sí (Infracción)
83,Administración,44,1,23,False,False,False,No (Cumple)
84,Administración,30,1,21,False,False,False,No (Cumple)
85,Operaciones,37,2,19,False,False,False,No (Cumple)
86,Operaciones,31,0,24,False,False,False,No (Cumple)
87,Operaciones,36,2,18,False,False,False,No (Cumple)
88,Operaciones,38,2,13,False,False,False,No (Cumple)
89,Ventas,38,0,13,False,False,False,No (Cumple)
90,Mantenimiento,37,0,11,False,False,False,No (Cumple)
91,Mantenimiento,40,0,24,False,False,False,No (Cumple)
92,Operaciones,43,1,13,False,False,False,No (Cumple)
93,Mantenimiento,41,2,24,False,False,False,No (Cumple)
94,Mantenimiento,39,0,22,False,False,False,No (Cumple)
95,Operaciones,38,2,22,False,False,False,No (Cumple)
96,Mantenimiento,60,7,22,True,True,False,Sí (Infracción)
97,Administración,50,4,23,True,True,False,Sí (Infracción)
98,Logística,33,0,21,False,False,False,No (Cumple)
99,Logística,43,0,11,False,False,False,No (Cumple)
100,Operaciones,33,2,18,False,False,False,No (Cumple)
101,Ventas,34,3,11,False,True,False,Sí (Infracción)
102,Operaciones,49,4,15,True,True,False,Sí (Infracción)
103,Ventas,45,0,19,False,False,False,No (Cumple)
104,Logística,32,2,17,False,False,False,No (Cumple)
105,Operaciones,43,2,14,False,False,False,No (Cumple)
106,Administración,30,2,21,False,False,False,No (Cumple)
107,Mantenimiento,37,2,19,False,False,False,No (Cumple)
108,Ventas,34,6,19,False,True,False,Sí (Infracción)
109,Mantenimiento,32,2,12,False,False,False,No (Cumple)
110,Mantenimiento,48,0,20,True,False,False,Sí (Infracción)
111,Operaciones,57,3,20,True,True,False,Sí (Infracción)
112,Mantenimiento,43,1,21,False,False,False,No (Cumple)
113,Administración,36,2,22,False,False,False,No (Cumple)
114,Mantenimiento,36,1,4,False,False,True,Sí (Infracción)
115,Operaciones,30,2,14,False,False,False,No (Cumple)
116,Administración,41,0,18,False,False,False,No (Cumple)
117,Logística,38,2,22,False,False,False,No (Cumple)
118,Mantenimiento,44,1,21,False,False,False,No (Cumple)
119,Operaciones,31,0,17,False,False,False,No (Cumple)
120,Logística,34,2,17,False,False,False,No (Cumple)
121,Logística,42,0,21,False,False,False,No (Cumple)
122,Ventas,52,0,20,True,False,False,Sí (Infracción)
123,Administración,34,1,19,False,False,False,No (Cumple)
124,Mantenimiento,43,0,23,False,False,False,No (Cumple)
125,Operaciones,46,1,15,True,False,False,Sí (Infracción)
126,Ventas,43,0,16,False,False,False,No (Cumple)
127,Administración,60,2,11,True,False,False,Sí (Infracción)
128,Ventas,43,0,16,False,False,False,No (Cumple)
129,Administración,36,2,12,False,False,False,No (Cumple)
130,Administración,36,3,8,False,True,True,Sí (Infracción)
131,Mantenimiento,41,0,19,False,False,False,No (Cumple)
132,Administración,45,2,18,False,False,False,No (Cumple)
133,Ventas,40,0,19,False,False,False,No (Cumple)
134,Administración,45,0,23,False,False,False,No (Cumple)
135,Mantenimiento,35,2,20,False,False,False,No (Cumple)
136,Mantenimiento,62,2,18,True,False,False,Sí (Infracción)
137,Ventas,62,1,13,True,False,False,Sí (Infracción)
138,Logística,38,2,10,False,False,True,Sí (Infracción)
139,Logística,35,1,16,False,False,False,No (Cumple)
140,Administración,41,2,23,False,False,False,No (Cumple)
141,Operaciones,42,0,16,False,False,False,No (Cumple)
142,Administración,61,4,16,True,True,False,Sí (Infracción)
143,Ventas,31,0,5,False,False,True,Sí (Infracción)
144,Ventas,31,0,20,False,False,False,No (Cumple)
145,Ventas,42,0,11,False,False,False,No (Cumple)
146,Ventas,34,1,22,False,False,False,No (Cumple)
147,Ventas,44,2,24,False,False,False,No (Cumple)
148,Mantenimiento,62,0,14,True,False,False,Sí (Infracción)
149,Logística,40,0,20,False,False,False,No (Cumple)
150,Ventas,31,1,22,False,False,False,No (Cumple)
151,Operaciones,44,2,16,False,False,False,No (Cumple)
152,Operaciones,48,2,21,True,False,False,Sí (Infracción)
153,Operaciones,56,4,22,True,True,False,Sí (Infracción)
154,Operaciones,36,1,10,False,False,True,Sí (Infracción)
155,Mantenimiento,37,2,12,False,False,False,No (Cumple)
156,Operaciones,41,1,17,False,False,False,No (Cumple)
157,Ventas,42,2,17,False,False,False,No (Cumple)
158,Administración,55,2,21,True,False,False,Sí (Infracción)
159,Operaciones,40,0,14,False,False,False,No (Cumple)
160,Mantenimiento,34,0,10,False,False,True,Sí (Infracción)
161,Mantenimiento,42,2,11,False,False,False,No (Cumple)
162,Operaciones,30,2,23,False,False,False,No (Cumple)
163,Administración,37,2,12,False,False,False,No (Cumple)
164,Operaciones,32,3,19,False,True,False,Sí (Infracción)
165,Mantenimiento,44,2,9,False,False,True,Sí (Infracción)
166,Logística,35,2,18,False,False,False,No (Cumple)
167,Ventas,32,1,4,False,False,True,Sí (Infracción)
168,Mantenimiento,36,2,19,False,False,False,No (Cumple)
169,Operaciones,42,1,6,False,False,True,Sí (Infracción)
170,Ventas,43,1,23,False,False,False,No (Cumple)
171,Operaciones,36,2,19,False,False,False,No (Cumple)
172,Operaciones,41,2,20,False,False,False,No (Cumple)
173,Logística,44,1,22,False,False,False,No (Cumple)
174,Ventas,38,1,12,False,False,False,No (Cumple)
175,Ventas,45,2,16,False,False,False,No (Cumple)
176,Logística,65,2,13,True,False,False,Sí (Infracción)
177,Mantenimiento,44,1,21,False,False,False,No (Cumple)
178,Operaciones,37,1,16,False,False,False,No (Cumple)
179,Administración,39,1,13,False,False,False,No (Cumple)
180,Operaciones,39,0,18,False,False,False,No (Cumple)
181,Operaciones,45,1,21,False,False,False,No (Cumple)
182,Mantenimiento,37,0,23,False,False,False,No (Cumple)
183,Operaciones,30,2,14,False,False,False,No (Cumple)
184,Logística,41,2,22,False,False,False,No (Cumple)
185,Logística,34,1,5,False,False,True,Sí (Infracción)
186,Ventas,32,2,16,False,False,False,No (Cumple)
187,Administración,30,4,19,False,True,False,Sí (Infracción)
188,Operaciones,33,7,12,False,True,False,Sí (Infracción)
189,Operaciones,37,2,12,False,False,False,No (Cumple)
190,Mantenimiento,32,0,17,False,False,False,No (Cumple)
191,Logística,45,0,12,False,False,False,No (Cumple)
192,Administración,45,1,12,False,False,False,No (Cumple)
193,Ventas,39,4,14,False,True,False,Sí (Infracción)
194,Logística,62,1,19,True,False,False,Sí (Infracción)
195,Ventas,40,2,18,False,False,False,No (Cumple)
196,Mantenimiento,38,7,12,False,True,False,Sí (Infracción)
197,Mantenimiento,39,0,18,False,False,False,No (Cumple)
198,Operaciones,34,0,14,False,False,False,No (Cumple)
199,Administración,45,3,7,False,True,True,Sí (Infracción)
200,Ventas,43,0,21,False,False,False,No (Cumple)
201,Logística,64,0,20,True,False,False,Sí (Infracción)
202,Mantenimiento,40,0,17,False,False,False,No (Cumple)
203,Operaciones,48,0,10,True,False,True,Sí (Infracción)
204,Operaciones,31,0,7,False,False,True,Sí (Infracción)
205,Ventas,38,1,20,False,False,False,No (Cumple)
206,Mantenimiento,45,5,15,False,True,False,Sí (Infracción)
207,Administración,56,0,21,True,False,False,Sí (Infracción)
208,Mantenimiento,38,1,11,False,False,False,No (Cumple)
209,Ventas,64,2,12,True,False,False,Sí (Infracción)
210,Ventas,33,0,9,False,False,True,Sí (Infracción)
211,Mantenimiento,35,2,11,False,False,False,No (Cumple)
212,Ventas,63,1,13,True,False,False,Sí (Infracción)
213,Mantenimiento,39,1,12,False,False,False,No (Cumple)
214,Logística,39,2,15,False,False,False,No (Cumple)
215,Mantenimiento,35,1,14,False,False,False,No (Cumple)
216,Mantenimiento,52,0,23,True,False,False,Sí (Infracción)
217,Ventas,53,2,7,True,False,True,Sí (Infracción)
218,Ventas,43,0,5,False,False,True,Sí (Infracción)
219,Operaciones,43,2,18,False,False,False,No (Cumple)
220,Operaciones,50,1,14,True,False,False,Sí (Infracción)
221,Logística,31,2,22,False,False,False,No (Cumple)
222,Operaciones,34,2,16,False,False,False,No (Cumple)
223,Mantenimiento,47,0,14,True,False,False,Sí (Infracción)
224,Ventas,33,1,12,False,False,False,No (Cumple)
225,Operaciones,40,0,10,False,False,True,Sí (Infracción)
226,Operaciones,45,1,24,False,False,False,No (Cumple)
227,Logística,57,0,24,True,False,False,Sí (Infracción)
228,Logística,56,2,11,True,False,False,Sí (Infracción)
229,Mantenimiento,52,0,18,True,False,False,Sí (Infracción)
230,Ventas,35,1,24,False,False,False,No (Cumple)
231,Logística,62,1,14,True,False,False,Sí (Infracción)
232,Operaciones,65,2,15,True,False,False,Sí (Infracción)
233,Ventas,34,1,21,False,False,False,No (Cumple)
234,Ventas,59,0,18,True,False,False,Sí (Infracción)
235,Operaciones,33,2,22,False,False,False,No (Cumple)
236,Logística,44,1,17,False,False,False,No (Cumple)
237,Operaciones,42,1,23,False,False,False,No (Cumple)
238,Ventas,33,0,18,False,False,False,No (Cumple)
239,Administración,33,6,23,False,True,False,Sí (Infracción)
240,Administración,39,2,18,False,False,False,No (Cumple)
241,Mantenimiento,37,7,4,False,True,True,Sí (Infracción)
242,Operaciones,35,0,20,False,False,False,No (Cumple)
243,Operaciones,32,2,12,False,False,False,No (Cumple)
244,Mantenimiento,39,1,5,False,False,True,Sí (Infracción)
245,Mantenimiento,34,3,24,False,True,False,Sí (Infracción)
246,Mantenimiento,35,2,11,False,False,False,No (Cumple)
247,Ventas,34,2,11,False,False,False,No (Cumple)
248,Operaciones,35,0,6,False,False,True,Sí (Infracción)
249,Ventas,60,1,6,True,False,True,Sí (Infracción)
250,Mantenimiento,36,1,13,False,False,False,No (Cumple)
251,Operaciones,34,1,21,False,False,False,No (Cumple)
252,Ventas,39,2,23,False,False,False,No (Cumple)
253,Ventas,62,0,9,True,False,True,Sí (Infracción)
254,Mantenimiento,43,1,8,False,False,True,Sí (Infracción)
255,Operaciones,59,2,20,True,False,False,Sí (Infracción)
256,Mantenimiento,41,1,16,False,False,False,No (Cumple)
257,Operaciones,64,4,17,True,True,False,Sí (Infracción)
258,Administración,42,1,20,False,False,False,No (Cumple)
259,Logística,60,0,22,True,False,False,Sí (Infracción)
260,Logística,30,0,23,False,False,False,No (Cumple)
261,Logística,36,1,21,False,False,False,No (Cumple)
262,Mantenimiento,36,1,13,False,False,False,No (Cumple)
263,Administración,33,0,9,False,False,True,Sí (Infracción)
264,Operaciones,42,2,20,False,False,False,No (Cumple)
265,Ventas,54,0,21,True,False,False,Sí (Infracción)
266,Operaciones,53,1,20,True,False,False,Sí (Infracción)
267,Ventas,37,1,5,False,False,True,Sí (Infracción)
268,Operaciones,34,2,22,False,False,False,No (Cumple)
269,Administración,45,3,20,False,True,False,Sí (Infracción)
270,Ventas,39,0,24,False,False,False,No (Cumple)
271,Mantenimiento,36,0,20,False,False,False,No (Cumple)
272,Operaciones,33,1,20,False,False,False,No (Cumple)
273,Operaciones,33,0,13,False,False,False,No (Cumple)
274,Ventas,37,2,4,False,False,True,Sí (Infracción)
275,Mantenimiento,43,1,18,False,False,False,No (Cumple)
276,Mantenimiento,37,1,23,False,False,False,No (Cumple)
277,Administración,31,0,20,False,False,False,No (Cumple)
278,Mantenimiento,43,2,20,False,False,False,No (Cumple)
279,Mantenimiento,60,1,12,True,False,False,Sí (Infracción)
280,Mantenimiento,32,1,11,False,False,False,No (Cumple)
281,Logística,44,0,24,False,False,False,No (Cumple)
282,Administración,41,0,18,False,False,False,No (Cumple)
283,Operaciones,41,2,17,False,False,False,No (Cumple)
284,Ventas,48,0,17,True,False,False,Sí (Infracción)
285,Operaciones,30,2,14,False,False,False,No (Cumple)
286,Administración,44,1,8,False,False,True,Sí (Infracción)
287,Ventas,43,2,19,False,False,False,No (Cumple)
288,Administración,57,2,16,True,False,False,Sí (Infracción)
289,Mantenimiento,47,2,12,True,False,False,Sí (Infracción)
290,Ventas,37,5,24,False,True,False,Sí (Infracción)
291,Mantenimiento,42,0,11,False,False,False,No (Cumple)
292,Operaciones,41,1,11,False,False,False,No (Cumple)
293,Operaciones,48,0,19,True,False,False,Sí (Infracción)
294,Ventas,39,2,14,False,False,False,No (Cumple)
295,Ventas,63,2,15,True,False,False,Sí (Infracción)
296,Administración,34,4,13,False,True,False,Sí (Infracción)
297,Administración,44,6,14,False,True,False,Sí (Infracción)
298,Mantenimiento,33,2,22,False,False,False,No (Cumple)
299,Ventas,45,7,18,False,True,False,Sí (Infracción)
300,Operaciones,32,6,23,False,True,False,Sí (Infracción)
301,Administración,45,2,14,False,False,False,No (Cumple)
302,Administración,42,1,19,False,False,False,No (Cumple)
303,Operaciones,33,1,19,False,False,False,No (Cumple)
304,Administración,43,2,16,False,False,False,No (Cumple)
305,Mantenimiento,36,0,12,False,False,False,No (Cumple)
306,Ventas,60,1,22,True,False,False,Sí (Infracción)
307,Operaciones,50,5,5,True,True,True,Sí (Infracción)
308,Ventas,58,1,21,True,False,False,Sí (Infracción)
309,Administración,53,2,17,True,False,False,Sí (Infracción)
310,Administración,44,1,19,False,False,False,No (Cumple)
311,Operaciones,33,5,16,False,True,False,Sí (Infracción)
312,Mantenimiento,30,7,13,False,True,False,Sí (Infracción)
313,Logística,40,1,24,False,False,False,No (Cumple)
314,Operaciones,41,0,17,False,False,False,No (Cumple)
315,Logística,48,2,15,True,False,False,Sí (Infracción)
316,Logística,44,2,11,False,False,False,No (Cumple)
317,Mantenimiento,40,0,13,False,False,False,No (Cumple)
318,Logística,38,0,15,False,False,False,No (Cumple)
319,Logística,41,2,17,False,False,False,No (Cumple)
320,Mantenimiento,35,1,13,False,False,False,No (Cumple)
321,Logística,42,1,16,False,False,False,No (Cumple)
322,Logística,49,2,15,True,False,False,Sí (Infracción)
323,Logística,30,1,23,False,False,False,No (Cumple)
324,Operaciones,35,0,11,False,False,False,No (Cumple)
325,Operaciones,48,1,20,True,False,False,Sí (Infracción)
326,Operaciones,53,1,16,True,False,False,Sí (Infracción)
327,Mantenimiento,48,1,24,True,False,False,Sí (Infracción)
328,Administración,59,2,18,True,False,False,Sí (Infracción)
329,Logística,40,0,23,False,False,False,No (Cumple)
330,Logística,44,1,23,False,False,False,No (Cumple)
331,Mantenimiento,35,2,11,False,False,False,No (Cumple)
332,Logística,44,1,12,False,False,False,No (Cumple)
333,Operaciones,43,4,24,False,True,False,Sí (Infracción)
334,Administración,41,1,14,False,False,False,No (Cumple)
335,Ventas,40,0,22,False,False,False,No (Cumple)
336,Logística,36,4,12,False,True,False,Sí (Infracción)
337,Operaciones,38,0,21,False,False,False,No (Cumple)
338,Ventas,39,1,19,False,False,False,No (Cumple)
339,Administración,45,0,4,False,False,True,Sí (Infracción)
340,Ventas,34,1,18,False,False,False,No (Cumple)
341,Operaciones,61,1,18,True,False,False,Sí (Infracción)
342,Ventas,33,2,14,False,False,False,No (Cumple)
343,Mantenimiento,42,5,9,False,True,True,Sí (Infracción)
344,Ventas,39,3,14,False,True,False,Sí (Infracción)
345,Logística,58,1,23,True,False,False,Sí (Infracción)
346,Logística,32,0,19,False,False,False,No (Cumple)
347,Mantenimiento,42,2,23,False,False,False,No (Cumple)
348,Operaciones,40,7,12,False,True,False,Sí (Infracción)
349,Logística,30,4,23,False,True,False,Sí (Infracción)
350,Administración,53,2,21,True,False,False,Sí (Infracción)
351,Logística,43,1,18,False,False,False,No (Cumple)
352,Logística,35,0,4,False,False,True,Sí (Infracción)
353,Operaciones,52,2,11,True,False,False,Sí (Infracción)
354,Ventas,46,1,4,True,False,True,Sí (Infracción)
355,Logística,30,2,13,False,False,False,No (Cumple)
356,Mantenimiento,54,0,19,True,False,False,Sí (Infracción)
357,Ventas,42,1,22,False,False,False,No (Cumple)
358,Administración,32,1,13,False,False,False,No (Cumple)
359,Operaciones,34,3,19,False,True,False,Sí (Infracción)
360,Administración,32,2,17,False,False,False,No (Cumple)
361,Ventas,39,2,23,False,False,False,No (Cumple)
362,Ventas,55,1,20,True,False,False,Sí (Infracción)
363,Ventas,49,1,11,True,False,False,Sí (Infracción)
364,Administración,39,0,20,False,False,False,No (Cumple)
365,Ventas,65,1,15,True,False,False,Sí (Infracción)
366,Administración,34,0,19,False,False,False,No (Cumple)
367,Ventas,42,2,7,False,False,True,Sí (Infracción)
368,Mantenimiento,45,2,13,False,False,False,No (Cumple)
369,Ventas,34,1,19,False,False,False,No (Cumple)
370,Administración,59,2,15,True,False,False,Sí (Infracción)
371,Logística,65,2,19,True,False,False,Sí (Infracción)
372,Ventas,34,1,8,False,False,True,Sí (Infracción)
373,Logística,39,0,16,False,False,False,No (Cumple)
374,Mantenimiento,45,1,19,False,False,False,No (Cumple)
375,Operaciones,34,0,17,False,False,False,No (Cumple)
376,Mantenimiento,63,1,17,True,False,False,Sí (Infracción)
377,Ventas,35,1,8,False,False,True,Sí (Infracción)
378,Logística,39,2,17,False,False,False,No (Cumple)
379,Logística,33,1,22,False,False,False,No (Cumple)
380,Administración,43,1,19,False,False,False,No (Cumple)
381,Logística,36,7,21,False,True,False,Sí (Infracción)
382,Administración,36,2,19,False,False,False,No (Cumple)
383,Operaciones,31,0,16,False,False,False,No (Cumple)
384,Ventas,32,0,17,False,False,False,No (Cumple)
385,Administración,62,2,12,True,False,False,Sí (Infracción)
386,Operaciones,37,2,19,False,False,False,No (Cumple)
387,Logística,38,2,22,False,False,False,No (Cumple)
388,Logística,63,3,23,True,True,False,Sí (Infracción)
389,Operaciones,35,2,9,False,False,True,Sí (Infracción)
390,Logística,62,2,11,True,False,False,Sí (Infracción)
391,Operaciones,35,2,13,False,False,False,No (Cumple)
392,Administración,43,0,22,False,False,False,No (Cumple)
393,Administración,41,0,16,False,False,False,No (Cumple)
394,Operaciones,41,1,15,False,False,False,No (Cumple)
395,Administración,41,0,12,False,False,False,No (Cumple)
396,Administración,38,1,19,False,False,False,No (Cumple)
397,Administración,44,5,24,False,True,False,Sí (Infracción)
398,Mantenimiento,33,4,23,False,True,False,Sí (Infracción)
399,Ventas,37,0,20,False,False,False,No (Cumple)
400,Logística,64,1,9,True,False,True,Sí (Infracción)
401,Mantenimiento,54,7,14,True,True,False,Sí (Infracción)
402,Administración,47,7,14,True,True,False,Sí (Infracción)
403,Operaciones,43,1,15,False,False,False,No (Cumple)
404,Administración,37,2,18,False,False,False,No (Cumple)
405,Ventas,41,2,20,False,False,False,No (Cumple)
406,Administración,39,1,14,False,False,False,No (Cumple)
407,Operaciones,43,6,15,False,True,False,Sí (Infracción)
408,Ventas,35,2,22,False,False,False,No (Cumple)
409,Administración,41,6,14,False,True,False,Sí (Infracción)
410,Ventas,36,2,24,False,False,False,No (Cumple)
411,Logística,32,4,16,False,True,False,Sí (Infracción)
412,Logística,36,2,22,False,False,False,No (Cumple)
413,Administración,41,2,13,False,False,False,No (Cumple)
414,Ventas,57,1,18,True,False,False,Sí (Infracción)
415,Operaciones,37,0,16,False,False,False,No (Cumple)
416,Administración,39,2,20,False,False,False,No (Cumple)
417,Logística,45,4,8,False,True,True,Sí (Infracción)
418,Logística,45,1,23,False,False,False,No (Cumple)
419,Administración,35,3,12,False,True,False,Sí (Infracción)
420,Ventas,44,5,20,False,True,False,Sí (Infracción)
421,Logística,39,0,20,False,False,False,No (Cumple)
422,Ventas,38,0,10,False,False,True,Sí (Infracción)
423,Logística,42,2,12,False,False,False,No (Cumple)
424,Logística,35,2,4,False,False,True,Sí (Infracción)
425,Mantenimiento,57,2,17,True,False,False,Sí (Infracción)
426,Logística,38,1,15,False,False,False,No (Cumple)
427,Operaciones,42,2,11,False,False,False,No (Cumple)
428,Administración,49,2,14,True,False,False,Sí (Infracción)
429,Administración,37,0,22,False,False,False,No (Cumple)
430,Ventas,40,2,23,False,False,False,No (Cumple)
431,Logística,33,4,9,False,True,True,Sí (Infracción)
432,Operaciones,31,2,20,False,False,False,No (Cumple)
433,Ventas,64,5,17,True,True,False,Sí (Infracción)
434,Mantenimiento,40,2,19,False,False,False,No (Cumple)
435,Ventas,50,0,12,True,False,False,Sí (Infracción)
436,Ventas,34,1,22,False,False,False,No (Cumple)
437,Logística,33,0,24,False,False,False,No (Cumple)
438,Mantenimiento,31,0,6,False,False,True,Sí (Infracción)
439,Ventas,30,0,12,False,False,False,No (Cumple)
440,Operaciones,40,2,17,False,False,False,No (Cumple)
441,Operaciones,54,2,23,True,False,False,Sí (Infracción)
442,Administración,35,2,20,False,False,False,No (Cumple)
443,Mantenimiento,60,1,9,True,False,True,Sí (Infracción)
444,Mantenimiento,44,1,14,False,False,False,No (Cumple)
445,Administración,63,0,11,True,False,False,Sí (Infracción)
446,Ventas,45,1,23,False,False,False,No (Cumple)
447,Mantenimiento,37,0,11,False,False,False,No (Cumple)
448,Operaciones,57,0,15,True,False,False,Sí (Infracción)
449,Operaciones,33,3,11,False,True,False,Sí (Infracción)
450,Logística,37,1,22,False,False,False,No (Cumple)
451,Mantenimiento,44,2,17,False,False,False,No (Cumple)
452,Ventas,45,1,23,False,False,False,No (Cumple)
453,Administración,63,0,21,True,False,False,Sí (Infracción)
454,Administración,34,0,11,False,False,False,No (Cumple)
455,Ventas,39,1,11,False,False,False,No (Cumple)
456,Logística,39,0,12,False,False,False,No (Cumple)
457,Administración,41,0,23,False,False,False,No (Cumple)
458,Mantenimiento,37,1,24,False,False,False,No (Cumple)
459,Logística,45,1,21,False,False,False,No (Cumple)
460,Mantenimiento,43,1,22,False,False,False,No (Cumple)
461,Operaciones,38,0,8,False,False,True,Sí (Infracción)
462,Logística,34,0,13,False,False,False,No (Cumple)
463,Administración,39,2,23,False,False,False,No (Cumple)
464,Logística,34,2,21,False,False,False,No (Cumple)
465,Logística,31,1,11,False,False,False,No (Cumple)
466,Logística,34,2,19,False,False,False,No (Cumple)
467,Logística,32,0,20,False,False,False,No (Cumple)
468,Mantenimiento,36,2,4,False,False,True,Sí (Infracción)
469,Operaciones,39,0,15,False,False,False,No (Cumple)
470,Ventas,34,1,23,False,False,False,No (Cumple)
471,Logística,37,1,21,False,False,False,No (Cumple)
472,Administración,30,0,12,False,False,False,No (Cumple)
473,Logística,32,2,15,False,False,False,No (Cumple)
474,Administración,32,5,16,False,True,False,Sí (Infracción)
475,Mantenimiento,38,1,24,False,False,False,No (Cumple)
476,Administración,57,2,11,True,False,False,Sí (Infracción)
477,Ventas,45,2,21,False,False,False,No (Cumple)
478,Operaciones,41,4,14,False,True,False,Sí (Infracción)
479,Administración,38,5,19,False,True,False,Sí (Infracción)
480,Administración,42,2,12,False,False,False,No (Cumple)
481,Operaciones,38,2,15,False,False,False,No (Cumple)
482,Ventas,48,0,11,True,False,False,Sí (Infracción)
483,Logística,31,0,14,False,False,False,No (Cumple)
484,Administración,34,1,14,False,False,False,No (Cumple)
485,Operaciones,33,0,16,False,False,False,No (Cumple)
486,Mantenimiento,44,1,20,False,False,False,No (Cumple)
487,Operaciones,39,2,19,False,False,False,No (Cumple)
488,Mantenimiento,38,4,13,False,True,False,Sí (Infracción)
489,Ventas,36,1,19,False,False,False,No (Cumple)
490,Logística,35,2,16,False,False,False,No (Cumple)
491,Operaciones,36,1,17,False,False,False,No (Cumple)
492,Administración,30,0,22,False,False,False,No (Cumple)
493,Ventas,30,0,20,False,False,False,No (Cumple)
494,Operaciones,37,0,12,False,False,False,No (Cumple)
495,Administración,42,7,21,False,True,False,Sí (Infracción)
496,Operaciones,42,1,20,False,False,False,No (Cumple)
497,Mantenimiento,31,1,24,False,False,False,No (Cumple)
498,Operaciones,41,2,16,False,False,False,No (Cumple)
499,Operaciones,48,1,16,True,False,False,Sí (Infracción)
500,Operaciones,40,1,12,False,False,False,No (Cumple)
501,Ventas,38,1,12,False,False,False,No (Cumple)
502,Operaciones,36,2,24,False,False,False,No (Cumple)
503,Administración,35,0,12,False,False,False,No (Cumple)
504,Mantenimiento,30,1,20,False,False,False,No (Cumple)
505,Mantenimiento,30,2,5,False,False,True,Sí (Infracción)
506,Operaciones,49,2,11,True,False,False,Sí (Infracción)
507,Ventas,35,2,4,False,False,True,Sí (Infracción)
508,Ventas,43,0,18,False,False,False,No (Cumple)
509,Administración,35,1,12,False,False,False,No (Cumple)
510,Operaciones,61,2,23,True,False,False,Sí (Infracción)
511,Mantenimiento,30,0,15,False,False,False,No (Cumple)
512,Ventas,62,2,22,True,False,False,Sí (Infracción)
513,Operaciones,34,7,18,False,True,False,Sí (Infracción)
514,Ventas,57,7,20,True,True,False,Sí (Infracción)
515,Ventas,31,2,24,False,False,False,No (Cumple)
516,Mantenimiento,60,2,15,True,False,False,Sí (Infracción)
517,Logística,45,0,12,False,False,False,No (Cumple)
518,Administración,47,1,13,True,False,False,Sí (Infracción)
519,Administración,31,1,16,False,False,False,No (Cumple)
520,Mantenimiento,39,1,21,False,False,False,No (Cumple)
521,Ventas,31,1,21,False,False,False,No (Cumple)
522,Operaciones,45,0,15,False,False,False,No (Cumple)
523,Ventas,45,0,21,False,False,False,No (Cumple)
524,Mantenimiento,32,0,14,False,False,False,No (Cumple)
525,Administración,42,2,14,False,False,False,No (Cumple)
526,Ventas,36,2,7,False,False,True,Sí (Infracción)
527,Administración,61,2,12,True,False,False,Sí (Infracción)
528,Operaciones,41,6,19,False,True,False,Sí (Infracción)
529,Administración,49,2,12,True,False,False,Sí (Infracción)
530,Administración,44,1,20,False,False,False,No (Cumple)
531,Logística,37,2,12,False,False,False,No (Cumple)
532,Logística,35,3,20,False,True,False,Sí (Infracción)
533,Logística,41,2,24,False,False,False,No (Cumple)
534,Administración,40,2,19,False,False,False,No (Cumple)
535,Mantenimiento,39,0,24,False,False,False,No (Cumple)
536,Administración,32,2,13,False,False,False,No (Cumple)
537,Mantenimiento,45,2,7,False,False,True,Sí (Infracción)
538,Mantenimiento,46,0,17,True,False,False,Sí (Infracción)
539,Logística,53,1,14,True,False,False,Sí (Infracción)
540,Ventas,30,0,23,False,False,False,No (Cumple)
541,Operaciones,45,4,23,False,True,False,Sí (Infracción)
542,Logística,45,1,16,False,False,False,No (Cumple)
543,Logística,36,2,24,False,False,False,No (Cumple)
544,Ventas,34,1,14,False,False,False,No (Cumple)
545,Operaciones,33,2,20,False,False,False,No (Cumple)
546,Administración,39,4,17,False,True,False,Sí (Infracción)
547,Administración,58,1,11,True,False,False,Sí (Infracción)
548,Logística,33,0,13,False,False,False,No (Cumple)
549,Operaciones,43,1,23,False,False,False,No (Cumple)
550,Logística,33,2,13,False,False,False,No (Cumple)
551,Mantenimiento,35,1,11,False,False,False,No (Cumple)
552,Logística,44,1,16,False,False,False,No (Cumple)
553,Logística,50,2,23,True,False,False,Sí (Infracción)
554,Administración,37,5,21,False,True,False,Sí (Infracción)
555,Administración,63,1,24,True,False,False,Sí (Infracción)
556,Administración,44,2,19,False,False,False,No (Cumple)
557,Mantenimiento,35,2,18,False,False,False,No (Cumple)
558,Administración,33,1,21,False,False,False,No (Cumple)
559,Operaciones,41,0,8,False,False,True,Sí (Infracción)
560,Ventas,57,1,20,True,False,False,Sí (Infracción)
561,Operaciones,52,0,18,True,False,False,Sí (Infracción)
562,Operaciones,42,0,16,False,False,False,No (Cumple)
563,Administración,38,0,19,False,False,False,No (Cumple)
564,Ventas,37,6,13,False,True,False,Sí (Infracción)
565,Ventas,64,1,5,True,False,True,Sí (Infracción)
566,Ventas,41,2,5,False,False,True,Sí (Infracción)
567,Mantenimiento,39,2,19,False,False,False,No (Cumple)
568,Administración,30,2,4,False,False,True,Sí (Infracción)
569,Ventas,44,2,17,False,False,False,No (Cumple)
570,Mantenimiento,31,2,23,False,False,False,No (Cumple)
571,Logística,38,2,19,False,False,False,No (Cumple)
572,Logística,56,1,12,True,False,False,Sí (Infracción)
573,Mantenimiento,43,0,9,False,False,True,Sí (Infracción)
574,Mantenimiento,32,2,19,False,False,False,No (Cumple)
575,Administración,62,1,22,True,False,False,Sí (Infracción)
576,Administración,41,2,23,False,False,False,No (Cumple)
577,Logística,65,2,13,True,False,False,Sí (Infracción)
578,Ventas,39,0,19,False,False,False,No (Cumple)
579,Logística,33,0,7,False,False,True,Sí (Infracción)
580,Ventas,54,0,15,True,False,False,Sí (Infracción)
581,Ventas,35,2,16,False,False,False,No (Cumple)
582,Administración,36,2,12,False,False,False,No (Cumple)
583,Operaciones,33,2,18,False,False,False,No (Cumple)
584,Operaciones,36,0,21,False,False,False,No (Cumple)
585,Mantenimiento,38,1,19,False,False,False,No (Cumple)
586,Administración,40,2,12,False,False,False,No (Cumple)
587,Ventas,65,2,16,True,False,False,Sí (Infracción)
588,Operaciones,40,2,16,False,False,False,No (Cumple)
589,Ventas,32,1,18,False,False,False,No (Cumple)
590,Operaciones,34,2,20,False,False,False,No (Cumple)
591,Operaciones,32,7,22,False,True,False,Sí (Infracción)
592,Operaciones,40,2,15,False,False,False,No (Cumple)
593,Administración,47,1,10,True,False,True,Sí (Infracción)
594,Logística,41,2,11,False,False,False,No (Cumple)
595,Ventas,39,0,19,False,False,False,No (Cumple)
596,Administración,37,0,20,False,False,False,No (Cumple)
597,Administración,37,0,17,False,False,False,No (Cumple)
598,Administración,41,0,14,False,False,False,No (Cumple)
599,Administración,41,2,13,False,False,False,No (Cumple)
600,Administración,59,0,24,True,False,False,Sí (Infracción)
601,Mantenimiento,33,4,20,False,True,False,Sí (Infracción)
602,Ventas,34,0,21,False,False,False,No (Cumple)
603,Administración,34,6,24,False,True,False,Sí (Infracción)
604,Ventas,37,0,16,False,False,False,No (Cumple)
605,Mantenimiento,36,2,9,False,False,True,Sí (Infracción)
606,Mantenimiento,38,0,23,False,False,False,No (Cumple)
607,Ventas,44,1,11,False,False,False,No (Cumple)
608,Operaciones,44,0,13,False,False,False,No (Cumple)
609,Logística,45,3,12,False,True,False,Sí (Infracción)
610,Operaciones,43,5,21,False,True,False,Sí (Infracción)
611,Operaciones,46,1,23,True,False,False,Sí (Infracción)
612,Operaciones,62,0,19,True,False,False,Sí (Infracción)
613,Administración,39,1,13,False,False,False,No (Cumple)
614,Mantenimiento,56,6,23,True,True,False,Sí (Infracción)
615,Operaciones,33,0,12,False,False,False,No (Cumple)
616,Mantenimiento,35,1,14,False,False,False,No (Cumple)
617,Ventas,41,2,24,False,False,False,No (Cumple)
618,Logística,31,0,12,False,False,False,No (Cumple)
619,Ventas,36,6,11,False,True,False,Sí (Infracción)
620,Ventas,54,1,16,True,False,False,Sí (Infracción)
621,Administración,32,1,20,False,False,False,No (Cumple)
622,Logística,42,0,18,False,False,False,No (Cumple)
623,Ventas,32,2,8,False,False,True,Sí (Infracción)
624,Ventas,61,1,20,True,False,False,Sí (Infracción)
625,Logística,31,1,12,False,False,False,No (Cumple)
626,Logística,40,2,24,False,False,False,No (Cumple)
627,Ventas,37,6,19,False,True,False,Sí (Infracción)
628,Logística,35,0,23,False,False,False,No (Cumple)
629,Ventas,64,2,13,True,False,False,Sí (Infracción)
630,Ventas,51,7,18,True,True,False,Sí (Infracción)
631,Administración,30,2,22,False,False,False,No (Cumple)
632,Operaciones,51,1,18,True,False,False,Sí (Infracción)
633,Ventas,45,0,13,False,False,False,No (Cumple)
634,Mantenimiento,57,0,13,True,False,False,Sí (Infracción)
635,Operaciones,34,0,22,False,False,False,No (Cumple)
636,Operaciones,45,6,16,False,True,False,Sí (Infracción)
637,Operaciones,41,1,11,False,False,False,No (Cumple)
638,Administración,45,0,14,False,False,False,No (Cumple)
639,Ventas,40,0,5,False,False,True,Sí (Infracción)
640,Administración,34,0,24,False,False,False,No (Cumple)
641,Ventas,33,0,13,False,False,False,No (Cumple)
642,Administración,43,1,19,False,False,False,No (Cumple)
643,Administración,35,2,24,False,False,False,No (Cumple)
644,Mantenimiento,43,1,24,False,False,False,No (Cumple)
645,Administración,55,4,15,True,True,False,Sí (Infracción)
646,Logística,32,1,22,False,False,False,No (Cumple)
647,Mantenimiento,45,0,15,False,False,False,No (Cumple)
648,Administración,38,2,21,False,False,False,No (Cumple)
649,Operaciones,46,2,5,True,False,True,Sí (Infracción)
650,Logística,40,2,13,False,False,False,No (Cumple)
651,Logística,43,0,15,False,False,False,No (Cumple)
652,Logística,62,1,24,True,False,False,Sí (Infracción)
653,Mantenimiento,65,2,21,True,False,False,Sí (Infracción)
654,Administración,30,6,14,False,True,False,Sí (Infracción)
655,Administración,44,7,18,False,True,False,Sí (Infracción)
656,Operaciones,42,6,14,False,True,False,Sí (Infracción)
657,Operaciones,50,2,21,True,False,False,Sí (Infracción)
658,Logística,34,0,8,False,False,True,Sí (Infracción)
659,Operaciones,34,1,18,False,False,False,No (Cumple)
660,Mantenimiento,50,2,16,True,False,False,Sí (Infracción)
661,Administración,42,1,9,False,False,True,Sí (Infracción)
662,Logística,31,1,22,False,False,False,No (Cumple)
663,Operaciones,33,0,21,False,False,False,No (Cumple)
664,Mantenimiento,41,0,15,False,False,False,No (Cumple)
665,Mantenimiento,35,0,14,False,False,False,No (Cumple)
666,Operaciones,39,1,14,False,False,False,No (Cumple)
667,Administración,44,0,22,False,False,False,No (Cumple)
668,Operaciones,40,1,14,False,False,False,No (Cumple)
669,Logística,48,1,21,True,False,False,Sí (Infracción)
670,Operaciones,45,0,23,False,False,False,No (Cumple)
671,Mantenimiento,58,2,23,True,False,False,Sí (Infracción)
672,Operaciones,34,2,19,False,False,False,No (Cumple)
673,Administración,55,2,14,True,False,False,Sí (Infracción)
674,Ventas,32,1,22,False,False,False,No (Cumple)
675,Operaciones,30,1,19,False,False,False,No (Cumple)
676,Administración,33,7,23,False,True,False,Sí (Infracción)
677,Administración,64,0,20,True,False,False,Sí (Infracción)
678,Mantenimiento,33,1,16,False,False,False,No (Cumple)
679,Administración,31,0,20,False,False,False,No (Cumple)
680,Administración,39,3,23,False,True,False,Sí (Infracción)
681,Administración,48,2,17,True,False,False,Sí (Infracción)
682,Administración,43,2,22,False,False,False,No (Cumple)
683,Logística,34,2,4,False,False,True,Sí (Infracción)
684,Logística,32,6,13,False,True,False,Sí (Infracción)
685,Mantenimiento,48,0,18,True,False,False,Sí (Infracción)
686,Operaciones,41,0,13,False,False,False,No (Cumple)
687,Administración,42,1,5,False,False,True,Sí (Infracción)
688,Operaciones,38,0,23,False,False,False,No (Cumple)
689,Operaciones,33,2,23,False,False,False,No (Cumple)
690,Mantenimiento,35,2,20,False,False,False,No (Cumple)
691,Administración,31,0,22,False,False,False,No (Cumple)
692,Administración,35,0,15,False,False,False,No (Cumple)
693,Ventas,32,2,12,False,False,False,No (Cumple)
694,Operaciones,41,5,20,False,True,False,Sí (Infracción)
695,Operaciones,41,2,24,False,False,False,No (Cumple)
696,Logística,38,1,10,False,False,True,Sí (Infracción)
697,Ventas,40,2,23,False,False,False,No (Cumple)
698,Logística,31,1,20,False,False,False,No (Cumple)
699,Logística,44,0,19,False,False,False,No (Cumple)
700,Logística,41,0,11,False,False,False,No (Cumple)
701,Mantenimiento,41,1,24,False,False,False,No (Cumple)
702,Mantenimiento,38,0,23,False,False,False,No (Cumple)
703,Logística,34,1,14,False,False,False,No (Cumple)
704,Ventas,54,0,11,True,False,False,Sí (Infracción)
705,Operaciones,31,2,11,False,False,False,No (Cumple)
706,Ventas,35,6,18,False,True,False,Sí (Infracción)
707,Administración,32,2,24,False,False,False,No (Cumple)
708,Mantenimiento,41,3,24,False,True,False,Sí (Infracción)
709,Operaciones,41,1,23,False,False,False,No (Cumple)
710,Operaciones,43,7,24,False,True,False,Sí (Infracción)
711,Administración,39,1,21,False,False,False,No (Cumple)
712,Administración,45,0,12,False,False,False,No (Cumple)
713,Logística,34,2,11,False,False,False,No (Cumple)
714,Mantenimiento,41,2,21,False,False,False,No (Cumple)
715,Mantenimiento,64,0,18,True,False,False,Sí (Infracción)
716,Ventas,39,0,14,False,False,False,No (Cumple)
717,Logística,57,1,13,True,False,False,Sí (Infracción)
718,Logística,30,0,23,False,False,False,No (Cumple)
719,Logística,34,0,5,False,False,True,Sí (Infracción)
720,Logística,32,0,14,False,False,False,No (Cumple)
721,Mantenimiento,33,1,24,False,False,False,No (Cumple)
722,Mantenimiento,60,0,5,True,False,True,Sí (Infracción)
723,Logística,38,2,15,False,False,False,No (Cumple)
724,Ventas,53,1,11,True,False,False,Sí (Infracción)
725,Operaciones,44,1,24,False,False,False,No (Cumple)
726,Operaciones,59,2,21,True,False,False,Sí (Infracción)
727,Ventas,39,2,4,False,False,True,Sí (Infracción)
728,Logística,40,2,13,False,False,False,No (Cumple)
729,Mantenimiento,38,0,16,False,False,False,No (Cumple)
730,Operaciones,36,2,11,False,False,False,No (Cumple)
731,Administración,45,0,24,False,False,False,No (Cumple)
732,Administración,45,1,21,False,False,False,No (Cumple)
733,Ventas,58,1,22,True,False,False,Sí (Infracción)
734,Logística,30,2,12,False,False,False,No (Cumple)
735,Operaciones,34,0,22,False,False,False,No (Cumple)
736,Logística,41,2,24,False,False,False,No (Cumple)
737,Operaciones,40,2,17,False,False,False,No (Cumple)
738,Ventas,43,0,24,False,False,False,No (Cumple)
739,Ventas,44,2,24,False,False,False,No (Cumple)
740,Administración,40,1,11,False,False,False,No (Cumple)
741,Logística,32,4,23,False,True,False,Sí (Infracción)
742,Administración,30,0,24,False,False,False,No (Cumple)
743,Logística,33,5,17,False,True,False,Sí (Infracción)
744,Administración,42,1,7,False,False,True,Sí (Infracción)
745,Mantenimiento,45,0,20,False,False,False,No (Cumple)
746,Mantenimiento,31,0,24,False,False,False,No (Cumple)
747,Mantenimiento,31,1,16,False,False,False,No (Cumple)
748,Mantenimiento,32,2,8,False,False,True,Sí (Infracción)
749,Operaciones,53,1,18,True,False,False,Sí (Infracción)
750,Mantenimiento,37,2,19,False,False,False,No (Cumple)
751,Ventas,47,4,16,True,True,False,Sí (Infracción)
752,Ventas,44,2,22,False,False,False,No (Cumple)
753,Operaciones,36,1,21,False,False,False,No (Cumple)
754,Mantenimiento,35,2,23,False,False,False,No (Cumple)
755,Mantenimiento,47,1,24,True,False,False,Sí (Infracción)
756,Mantenimiento,33,2,19,False,False,False,No (Cumple)
757,Administración,65,1,14,True,False,False,Sí (Infracción)
758,Logística,58,5,16,True,True,False,Sí (Infracción)
759,Administración,37,2,18,False,False,False,No (Cumple)
760,Logística,36,1,19,False,False,False,No (Cumple)
761,Mantenimiento,36,2,13,False,False,False,No (Cumple)
762,Mantenimiento,45,2,12,False,False,False,No (Cumple)
763,Administración,55,1,16,True,False,False,Sí (Infracción)
764,Administración,53,2,14,True,False,False,Sí (Infracción)
765,Logística,33,1,11,False,False,False,No (Cumple)
766,Ventas,39,0,18,False,False,False,No (Cumple)
767,Logística,38,2,19,False,False,False,No (Cumple)
768,Administración,44,0,24,False,False,False,No (Cumple)
769,Administración,48,2,19,True,False,False,Sí (Infracción)
770,Operaciones,44,2,12,False,False,False,No (Cumple)
771,Administración,44,2,7,False,False,True,Sí (Infracción)
772,Operaciones,34,1,17,False,False,False,No (Cumple)
773,Ventas,32,0,15,False,False,False,No (Cumple)
774,Logística,38,2,17,False,False,False,No (Cumple)
775,Logística,34,1,23,False,False,False,No (Cumple)
776,Operaciones,34,2,19,False,False,False,No (Cumple)
777,Logística,43,1,18,False,False,False,No (Cumple)
778,Administración,54,2,16,True,False,False,Sí (Infracción)
779,Mantenimiento,43,0,23,False,False,False,No (Cumple)
780,Operaciones,33,0,14,False,False,False,No (Cumple)
781,Logística,41,2,23,False,False,False,No (Cumple)
782,Operaciones,30,3,7,False,True,True,Sí (Infracción)
783,Operaciones,36,2,16,False,False,False,No (Cumple)
784,Mantenimiento,38,1,13,False,False,False,No (Cumple)
785,Administración,32,2,16,False,False,False,No (Cumple)
786,Operaciones,41,1,16,False,False,False,No (Cumple)
787,Logística,42,7,24,False,True,False,Sí (Infracción)
788,Ventas,44,2,14,False,False,False,No (Cumple)
789,Operaciones,52,5,12,True,True,False,Sí (Infracción)
790,Operaciones,32,5,19,False,True,False,Sí (Infracción)
791,Mantenimiento,30,7,12,False,True,False,Sí (Infracción)
792,Administración,35,2,13,False,False,False,No (Cumple)
793,Ventas,40,1,20,False,False,False,No (Cumple)
794,Logística,40,1,11,False,False,False,No (Cumple)
795,Ventas,36,0,17,False,False,False,No (Cumple)
796,Logística,47,1,11,True,False,False,Sí (Infracción)
797,Administración,40,1,21,False,False,False,No (Cumple)
798,Logística,31,2,19,False,False,False,No (Cumple)
799,Mantenimiento,37,1,21,False,False,False,No (Cumple)
800,Mantenimiento,43,0,21,False,False,False,No (Cumple)
801,Mantenimiento,35,1,11,False,False,False,No (Cumple)
802,Mantenimiento,43,0,15,False,False,False,No (Cumple)
803,Ventas,33,2,4,False,False,True,Sí (Infracción)
804,Administración,65,0,13,True,False,False,Sí (Infracción)
805,Logística,37,1,19,False,False,False,No (Cumple)
806,Logística,43,2,18,False,False,False,No (Cumple)
807,Mantenimiento,32,5,23,False,True,False,Sí (Infracción)
808,Mantenimiento,32,2,13,False,False,False,No (Cumple)
809,Operaciones,43,2,15,False,False,False,No (Cumple)
810,Administración,44,1,6,False,False,True,Sí (Infracción)
811,Ventas,43,1,4,False,False,True,Sí (Infracción)
812,Logística,62,2,24,True,False,False,Sí (Infracción)
813,Operaciones,33,2,14,False,False,False,No (Cumple)
814,Operaciones,30,1,8,False,False,True,Sí (Infracción)
815,Logística,53,0,13,True,False,False,Sí (Infracción)
816,Ventas,37,1,19,False,False,False,No (Cumple)
817,Operaciones,37,2,20,False,False,False,No (Cumple)
818,Operaciones,43,5,19,False,True,False,Sí (Infracción)
819,Administración,39,3,17,False,True,False,Sí (Infracción)
820,Ventas,35,1,20,False,False,False,No (Cumple)
821,Operaciones,52,2,12,True,False,False,Sí (Infracción)
822,Ventas,35,1,17,False,False,False,No (Cumple)
823,Logística,45,2,17,False,False,False,No (Cumple)
824,Mantenimiento,38,2,21,False,False,False,No (Cumple)
825,Operaciones,32,6,15,False,True,False,Sí (Infracción)
826,Administración,43,2,19,False,False,False,No (Cumple)
827,Logística,32,2,23,False,False,False,No (Cumple)
828,Ventas,51,0,5,True,False,True,Sí (Infracción)
829,Logística,39,6,4,False,True,True,Sí (Infracción)
830,Operaciones,32,0,13,False,False,False,No (Cumple)
831,Ventas,38,0,14,False,False,False,No (Cumple)
832,Mantenimiento,41,2,11,False,False,False,No (Cumple)
833,Logística,33,1,16,False,False,False,No (Cumple)
834,Operaciones,42,2,5,False,False,True,Sí (Infracción)
835,Administración,36,3,11,False,True,False,Sí (Infracción)
836,Ventas,43,2,12,False,False,False,No (Cumple)
837,Logística,44,1,13,False,False,False,No (Cumple)
838,Logística,38,0,19,False,False,False,No (Cumple)
839,Mantenimiento,62,2,23,True,False,False,Sí (Infracción)
840,Mantenimiento,41,2,18,False,False,False,No (Cumple)
841,Administración,36,0,17,False,False,False,No (Cumple)
842,Administración,38,2,23,False,False,False,No (Cumple)
843,Operaciones,49,1,21,True,False,False,Sí (Infracción)
844,Operaciones,63,2,22,True,False,False,Sí (Infracción)
845,Administración,44,2,24,False,False,False,No (Cumple)
846,Administración,64,4,14,True,True,False,Sí (Infracción)
847,Ventas,43,2,11,False,False,False,No (Cumple)
848,Mantenimiento,37,2,18,False,False,False,No (Cumple)
849,Operaciones,35,1,14,False,False,False,No (Cumple)
850,Mantenimiento,34,0,10,False,False,True,Sí (Infracción)
851,Mantenimiento,42,0,19,False,False,False,No (Cumple)
852,Administración,46,1,20,True,False,False,Sí (Infracción)
853,Ventas,37,2,14,False,False,False,No (Cumple)
854,Logística,30,0,14,False,False,False,No (Cumple)
855,Ventas,43,0,24,False,False,False,No (Cumple)
856,Ventas,38,2,19,False,False,False,No (Cumple)
857,Mantenimiento,45,4,23,False,True,False,Sí (Infracción)
858,Ventas,30,0,22,False,False,False,No (Cumple)
859,Operaciones,37,2,21,False,False,False,No (Cumple)
860,Mantenimiento,53,4,22,True,True,False,Sí (Infracción)
861,Operaciones,38,5,24,False,True,False,Sí (Infracción)
862,Logística,43,2,12,False,False,False,No (Cumple)
863,Mantenimiento,40,1,24,False,False,False,No (Cumple)
864,Logística,34,2,22,False,False,False,No (Cumple)
865,Mantenimiento,32,1,7,False,False,True,Sí (Infracción)
866,Administración,38,2,14,False,False,False,No (Cumple)
867,Ventas,58,0,19,True,False,False,Sí (Infracción)
868,Administración,43,0,22,False,False,False,No (Cumple)
869,Logística,48,2,15,True,False,False,Sí (Infracción)
870,Ventas,64,2,19,True,False,False,Sí (Infracción)
871,Mantenimiento,33,0,21,False,False,False,No (Cumple)
872,Ventas,61,2,19,True,False,False,Sí (Infracción)
873,Operaciones,33,1,4,False,False,True,Sí (Infracción)
874,Ventas,55,1,12,True,False,False,Sí (Infracción)
875,Operaciones,37,3,24,False,True,False,Sí (Infracción)
876,Ventas,49,1,4,True,False,True,Sí (Infracción)
877,Operaciones,57,1,13,True,False,False,Sí (Infracción)
878,Logística,47,2,14,True,False,False,Sí (Infracción)
879,Administración,43,2,11,False,False,False,No (Cumple)
880,Mantenimiento,35,3,24,False,True,False,Sí (Infracción)
881,Ventas,38,2,11,False,False,False,No (Cumple)
882,Administración,37,2,4,False,False,True,Sí (Infracción)
883,Mantenimiento,44,1,19,False,False,False,No (Cumple)
884,Mantenimiento,44,2,21,False,False,False,No (Cumple)
885,Operaciones,36,2,18,False,False,False,No (Cumple)
886,Logística,61,2,15,True,False,False,Sí (Infracción)
887,Logística,42,1,6,False,False,True,Sí (Infracción)
888,Administración,64,2,19,True,False,False,Sí (Infracción)
889,Logística,30,0,13,False,False,False,No (Cumple)
890,Ventas,65,6,13,True,True,False,Sí (Infracción)
891,Logística,61,1,17,True,False,False,Sí (Infracción)
892,Administración,41,0,19,False,False,False,No (Cumple)
893,Logística,32,1,16,False,False,False,No (Cumple)
894,Ventas,40,6,24,False,True,False,Sí (Infracción)
895,Operaciones,45,0,12,False,False,False,No (Cumple)
896,Administración,43,0,11,False,False,False,No (Cumple)
897,Operaciones,31,1,12,False,False,False,No (Cumple)
898,Operaciones,34,1,24,False,False,False,No (Cumple)
899,Operaciones,44,2,24,False,False,False,No (Cumple)
900,Mantenimiento,34,1,11,False,False,False,No (Cumple)
901,Mantenimiento,34,0,20,False,False,False,No (Cumple)
902,Operaciones,45,0,8,False,False,True,Sí (Infracción)
903,Administración,59,1,19,True,False,False,Sí (Infracción)
904,Ventas,34,1,20,False,False,False,No (Cumple)
905,Ventas,46,1,22,True,False,False,Sí (Infracción)
906,Logística,41,2,24,False,False,False,No (Cumple)
907,Administración,30,0,4,False,False,True,Sí (Infracción)
908,Mantenimiento,34,2,18,False,False,False,No (Cumple)
909,Operaciones,42,2,17,False,False,False,No (Cumple)
910,Logística,38,0,5,False,False,True,Sí (Infracción)
911,Ventas,42,0,18,False,False,False,No (Cumple)
912,Mantenimiento,38,1,12,False,False,False,No (Cumple)
913,Mantenimiento,33,1,12,False,False,False,No (Cumple)
914,Operaciones,32,2,21,False,False,False,No (Cumple)
915,Ventas,30,1,20,False,False,False,No (Cumple)
916,Administración,31,1,13,False,False,False,No (Cumple)
917,Mantenimiento,37,0,17,False,False,False,No (Cumple)
918,Operaciones,45,0,7,False,False,True,Sí (Infracción)
919,Administración,30,1,18,False,False,False,No (Cumple)
920,Ventas,59,0,22,True,False,False,Sí (Infracción)
921,Mantenimiento,42,5,17,False,True,False,Sí (Infracción)
922,Administración,36,5,14,False,True,False,Sí (Infracción)
923,Administración,63,0,24,True,False,False,Sí (Infracción)
924,Administración,37,0,8,False,False,True,Sí (Infracción)
925,Mantenimiento,41,0,20,False,False,False,No (Cumple)
926,Mantenimiento,35,1,23,False,False,False,No (Cumple)
927,Logística,41,2,11,False,False,False,No (Cumple)
928,Ventas,43,0,14,False,False,False,No (Cumple)
929,Operaciones,44,1,6,False,False,True,Sí (Infracción)
930,Administración,44,1,11,False,False,False,No (Cumple)
931,Logística,38,0,4,False,False,True,Sí (Infracción)
932,Operaciones,54,2,11,True,False,False,Sí (Infracción)
933,Logística,50,0,17,True,False,False,Sí (Infracción)
934,Mantenimiento,33,1,17,False,False,False,No (Cumple)
935,Administración,42,2,14,False,False,False,No (Cumple)
936,Operaciones,35,1,23,False,False,False,No (Cumple)
937,Operaciones,37,0,22,False,False,False,No (Cumple)
938,Operaciones,34,7,12,False,True,False,Sí (Infracción)
939,Operaciones,32,1,22,False,False,False,No (Cumple)
940,Operaciones,52,5,13,True,True,False,Sí (Infracción)
941,Logística,33,7,18,False,True,False,Sí (Infracción)
942,Administración,38,0,10,False,False,True,Sí (Infracción)
943,Mantenimiento,42,2,18,False,False,False,No (Cumple)
944,Mantenimiento,32,0,21,False,False,False,No (Cumple)
945,Mantenimiento,61,4,21,True,True,False,Sí (Infracción)
946,Mantenimiento,36,0,16,False,False,False,No (Cumple)
947,Logística,36,2,20,False,False,False,No (Cumple)
948,Ventas,41,0,19,False,False,False,No (Cumple)
949,Administración,41,0,21,False,False,False,No (Cumple)
950,Operaciones,33,0,4,False,False,True,Sí (Infracción)
951,Ventas,35,0,19,False,False,False,No (Cumple)
952,Mantenimiento,41,1,14,False,False,False,No (Cumple)
953,Ventas,42,4,22,False,True,False,Sí (Infracción)
954,Administración,32,1,11,False,False,False,No (Cumple)
955,Operaciones,35,6,11,False,True,False,Sí (Infracción)
956,Operaciones,41,2,22,False,False,False,No (Cumple)
957,Administración,31,1,20,False,False,False,No (Cumple)
958,Administración,37,1,15,False,False,False,No (Cumple)
959,Mantenimiento,48,1,24,True,False,False,Sí (Infracción)
960,Operaciones,60,1,23,True,False,False,Sí (Infracción)
961,Ventas,47,2,12,True,False,False,Sí (Infracción)
962,Logística,38,0,16,False,False,False,No (Cumple)
963,Logística,30,5,5,False,True,True,Sí (Infracción)
964,Administración,37,7,11,False,True,False,Sí (Infracción)
965,Mantenimiento,36,1,16,False,False,False,No (Cumple)
966,Logística,55,0,18,True,False,False,Sí (Infracción)
967,Operaciones,35,1,22,False,False,False,No (Cumple)
968,Administración,35,2,15,False,False,False,No (Cumple)
969,Ventas,38,6,24,False,True,False,Sí (Infracción)
970,Administración,31,2,22,False,False,False,No (Cumple)
971,Ventas,30,0,17,False,False,False,No (Cumple)
972,Administración,42,7,20,False,True,False,Sí (Infracción)
973,Administración,41,0,16,False,False,False,No (Cumple)
974,Administración,35,1,6,False,False,True,Sí (Infracción)
975,Ventas,39,2,17,False,False,False,No (Cumple)
976,Ventas,40,2,20,False,False,False,No (Cumple)
977,Administración,55,2,19,True,False,False,Sí (Infracción)
978,Logística,60,0,20,True,False,False,Sí (Infracción)
979,Mantenimiento,41,1,20,False,False,False,No (Cumple)
980,Mantenimiento,39,0,23,False,False,False,No (Cumple)
981,Mantenimiento,30,2,8,False,False,True,Sí (Infracción)
982,Ventas,38,1,22,False,False,False,No (Cumple)
983,Ventas,42,1,24,False,False,False,No (Cumple)
984,Logística,46,1,15,True,False,False,Sí (Infracción)
985,Mantenimiento,30,2,17,False,False,False,No (Cumple)
986,Mantenimiento,58,1,13,True,False,False,Sí (Infracción)
987,Administración,37,1,4,False,False,True,Sí (Infracción)
988,Ventas,43,0,7,False,False,True,Sí (Infracción)
989,Mantenimiento,32,0,15,False,False,False,No (Cumple)
990,Logística,54,1,14,True,False,False,Sí (Infracción)
991,Logística,42,1,15,False,False,False,No (Cumple)
992,Mantenimiento,33,0,18,False,False,False,No (Cumple)
993,Ventas,37,0,22,False,False,False,No (Cumple)
994,Logística,30,0,14,False,False,False,No (Cumple)
995,Administración,42,2,19,False,False,False,No (Cumple)
996,Logística,42,2,17,False,False,False,No (Cumple)
997,Operaciones,35,0,20,False,False,False,No (Cumple)
998,Operaciones,30,7,7,False,True,True,Sí (Infracción)
999,Ventas,43,0,22,False,False,False,No (Cumple)
1000,Mantenimiento,30,2,17,False,False,False,No (Cumple)
